{"cameraMode":{"drawMode":0,"name":"Shaded","section":"Shading Mode"},"sceneLighting":true,"audioPlay":false,"sceneViewState":{"showFog":true,"showMaterialUpdate":false,"showSkybox":true,"showFlares":true,"showImageEffects":true,"showParticleSystems":true},"in2DMode":false,"pivot":{"x":-0.007081031799316406,"y":0.3876953125,"z":0.1263427734375},"rotation":{"x":0.6920965909957886,"y":-0.0032481809612363579,"z":0.003114325925707817,"w":0.7217917442321777},"size":7.452096462249756,"orthographic":true}