{"cameraMode":{"drawMode":0,"name":"Shaded","section":"Shading Mode"},"sceneLighting":true,"audioPlay":false,"sceneViewState":{"showFog":true,"showMaterialUpdate":false,"showSkybox":false,"showFlares":true,"showImageEffects":true,"showParticleSystems":true},"in2DMode":false,"pivot":{"x":-0.5443096160888672,"y":-1.5904808044433594,"z":8.72925090789795},"rotation":{"x":-0.5609345436096191,"y":-0.003928431775420904,"z":0.0027175697032362224,"w":-0.8278836607933044},"size":58.444923400878909,"orthographic":false}